{
  "best_epoch": 25,
  "peak_worker_0_memory_MB": 0,
  "peak_gpu_0_memory_MB": 0,
  "training_duration": "0:25:41.921602",
  "training_start_epoch": 0,
  "training_epochs": 25,
  "epoch": 25,
  "training_loss": 3.4111223459243774,
  "training_worker_0_memory_MB": 0.0,
  "training_gpu_0_memory_MB": 0.0,
  "validation_BLEU": 0.8855861286399398,
  "validation_loss": 4.19901445388794,
  "best_validation_BLEU": 0.8855861286399398,
  "best_validation_loss": 4.19901445388794
}