{
  "best_epoch": 11,
  "peak_worker_0_memory_MB": 0,
  "peak_gpu_0_memory_MB": 0,
  "training_duration": "0:13:23.069420",
  "training_start_epoch": 0,
  "training_epochs": 12,
  "epoch": 12,
  "training_loss": 7.306643263498942,
  "training_worker_0_memory_MB": 0.0,
  "training_gpu_0_memory_MB": 0.0,
  "validation_BLEU": 0.779862069976506,
  "validation_loss": 6.732359037399292,
  "best_validation_BLEU": 0.7811339852137111,
  "best_validation_loss": 6.5331056118011475
}