{
  "best_epoch": 1,
  "peak_worker_0_memory_MB": 0,
  "peak_gpu_0_memory_MB": 0,
  "training_duration": "0:02:08.680248",
  "training_start_epoch": 0,
  "training_epochs": 1,
  "epoch": 1,
  "training_loss": 31.845567226409912,
  "training_worker_0_memory_MB": 0.0,
  "training_gpu_0_memory_MB": 0.0,
  "validation_BLEU": 0.2754338352827481,
  "validation_loss": 19.41031509399414,
  "best_validation_BLEU": 0.2754338352827481,
  "best_validation_loss": 19.41031509399414
}