{
  "best_epoch": 3,
  "peak_worker_0_memory_MB": 0,
  "peak_gpu_0_memory_MB": 0,
  "training_duration": "0:04:16.790553",
  "training_start_epoch": 0,
  "training_epochs": 3,
  "epoch": 3,
  "training_loss": 16.097857268651328,
  "training_worker_0_memory_MB": 0.0,
  "training_gpu_0_memory_MB": 0.0,
  "validation_BLEU": 0.27973168615191873,
  "validation_loss": 14.308821792602538,
  "best_validation_BLEU": 0.27973168615191873,
  "best_validation_loss": 14.308821792602538
}