{
  "best_epoch": 9,
  "peak_worker_0_memory_MB": 0,
  "peak_gpu_0_memory_MB": 0,
  "training_duration": "0:10:23.450497",
  "training_start_epoch": 0,
  "training_epochs": 9,
  "epoch": 9,
  "training_loss": 8.948041749000549,
  "training_worker_0_memory_MB": 0.0,
  "training_gpu_0_memory_MB": 0.0,
  "validation_BLEU": 0.6297673944587205,
  "validation_loss": 8.278507318496704,
  "best_validation_BLEU": 0.6297673944587205,
  "best_validation_loss": 8.278507318496704
}