{
  "best_epoch": 19,
  "peak_worker_0_memory_MB": 0,
  "peak_gpu_0_memory_MB": 0,
  "training_duration": "0:22:03.750175",
  "training_start_epoch": 0,
  "training_epochs": 21,
  "epoch": 21,
  "training_loss": 3.54228880405426,
  "training_worker_0_memory_MB": 0.0,
  "training_gpu_0_memory_MB": 0.0,
  "validation_BLEU": 0.8926517530162494,
  "validation_loss": 4.9791361474990845,
  "best_validation_BLEU": 0.8504118435786441,
  "best_validation_loss": 4.574600939750671
}