{
  "best_epoch": 19,
  "peak_worker_0_memory_MB": 0,
  "peak_gpu_0_memory_MB": 0,
  "training_duration": "0:21:01.406102",
  "training_start_epoch": 0,
  "training_epochs": 20,
  "epoch": 20,
  "training_loss": 3.641496725877126,
  "training_worker_0_memory_MB": 0.0,
  "training_gpu_0_memory_MB": 0.0,
  "validation_BLEU": 0.8613740351953845,
  "validation_loss": 4.67728404045105,
  "best_validation_BLEU": 0.8504118435786441,
  "best_validation_loss": 4.574600939750671
}