{
  "best_epoch": 13,
  "peak_worker_0_memory_MB": 0,
  "peak_gpu_0_memory_MB": 0,
  "training_duration": "0:14:20.817427",
  "training_start_epoch": 0,
  "training_epochs": 13,
  "epoch": 13,
  "training_loss": 7.014501659075419,
  "training_worker_0_memory_MB": 0.0,
  "training_gpu_0_memory_MB": 0.0,
  "validation_BLEU": 0.805929850806171,
  "validation_loss": 6.156211347579956,
  "best_validation_BLEU": 0.805929850806171,
  "best_validation_loss": 6.156211347579956
}