{
  "best_epoch": 4,
  "peak_worker_0_memory_MB": 0,
  "peak_gpu_0_memory_MB": 0,
  "training_duration": "0:05:21.012343",
  "training_start_epoch": 0,
  "training_epochs": 4,
  "epoch": 4,
  "training_loss": 14.269710588455201,
  "training_worker_0_memory_MB": 0.0,
  "training_gpu_0_memory_MB": 0.0,
  "validation_BLEU": 0.4617580752886609,
  "validation_loss": 12.166698169708251,
  "best_validation_BLEU": 0.4617580752886609,
  "best_validation_loss": 12.166698169708251
}