{
  "best_epoch": 5,
  "peak_worker_0_memory_MB": 0,
  "peak_gpu_0_memory_MB": 0,
  "training_duration": "0:06:21.763433",
  "training_start_epoch": 0,
  "training_epochs": 5,
  "epoch": 5,
  "training_loss": 12.937191247940063,
  "training_worker_0_memory_MB": 0.0,
  "training_gpu_0_memory_MB": 0.0,
  "validation_BLEU": 0.4297739924673245,
  "validation_loss": 11.101522102355958,
  "best_validation_BLEU": 0.4297739924673245,
  "best_validation_loss": 11.101522102355958
}