{
  "best_epoch": 14,
  "peak_worker_0_memory_MB": 0,
  "peak_gpu_0_memory_MB": 0,
  "training_duration": "0:15:20.318399",
  "training_start_epoch": 0,
  "training_epochs": 14,
  "epoch": 14,
  "training_loss": 6.105541880925497,
  "training_worker_0_memory_MB": 0.0,
  "training_gpu_0_memory_MB": 0.0,
  "validation_BLEU": 0.7769643536363974,
  "validation_loss": 5.650439462661743,
  "best_validation_BLEU": 0.7769643536363974,
  "best_validation_loss": 5.650439462661743
}