{
  "best_epoch": 15,
  "peak_worker_0_memory_MB": 0,
  "peak_gpu_0_memory_MB": 0,
  "training_duration": "0:17:16.269115",
  "training_start_epoch": 0,
  "training_epochs": 16,
  "epoch": 16,
  "training_loss": 4.773138149579366,
  "training_worker_0_memory_MB": 0.0,
  "training_gpu_0_memory_MB": 0.0,
  "validation_BLEU": 0.8603102939318014,
  "validation_loss": 5.4020631217956545,
  "best_validation_BLEU": 0.8050944311455125,
  "best_validation_loss": 5.151758341789246
}