{
  "best_epoch": 24,
  "peak_worker_0_memory_MB": 0,
  "peak_gpu_0_memory_MB": 0,
  "training_duration": "0:24:51.047969",
  "training_start_epoch": 0,
  "training_epochs": 24,
  "epoch": 24,
  "training_loss": 3.5623632510503134,
  "training_worker_0_memory_MB": 0.0,
  "training_gpu_0_memory_MB": 0.0,
  "validation_BLEU": 0.9014811034180432,
  "validation_loss": 4.392960729598999,
  "best_validation_BLEU": 0.9014811034180432,
  "best_validation_loss": 4.392960729598999
}