{
  "best_epoch": 23,
  "peak_worker_0_memory_MB": 0,
  "peak_gpu_0_memory_MB": 0,
  "training_duration": "0:23:53.741617",
  "training_start_epoch": 0,
  "training_epochs": 23,
  "epoch": 23,
  "training_loss": 3.815279487768809,
  "training_worker_0_memory_MB": 0.0,
  "training_gpu_0_memory_MB": 0.0,
  "validation_BLEU": 0.8893914349568958,
  "validation_loss": 4.39843249797821,
  "best_validation_BLEU": 0.8893914349568958,
  "best_validation_loss": 4.39843249797821
}