{
  "best_epoch": 5,
  "peak_worker_0_memory_MB": 0,
  "peak_gpu_0_memory_MB": 0,
  "training_duration": "0:07:22.264523",
  "training_start_epoch": 0,
  "training_epochs": 6,
  "epoch": 6,
  "training_loss": 12.260137176513672,
  "training_worker_0_memory_MB": 0.0,
  "training_gpu_0_memory_MB": 0.0,
  "validation_BLEU": 0.6015183354877482,
  "validation_loss": 11.203578033447265,
  "best_validation_BLEU": 0.4297739924673245,
  "best_validation_loss": 11.101522102355958
}