{
  "best_epoch": 15,
  "peak_worker_0_memory_MB": 0,
  "peak_gpu_0_memory_MB": 0,
  "training_duration": "0:19:57.359949",
  "training_start_epoch": 0,
  "training_epochs": 18,
  "epoch": 18,
  "training_loss": 4.5367442011833194,
  "training_worker_0_memory_MB": 0.0,
  "training_gpu_0_memory_MB": 0.0,
  "validation_BLEU": 0.8458121700441535,
  "validation_loss": 5.353876028060913,
  "best_validation_BLEU": 0.8582103482034004,
  "best_validation_loss": 5.144846096038818
}