{
  "best_epoch": 9,
  "peak_worker_0_memory_MB": 0,
  "peak_gpu_0_memory_MB": 0,
  "training_duration": "0:10:48.339973",
  "training_start_epoch": 0,
  "training_epochs": 9,
  "epoch": 9,
  "training_loss": 9.927997318903605,
  "training_worker_0_memory_MB": 0.0,
  "training_gpu_0_memory_MB": 0.0,
  "validation_BLEU": 0.5588470842654655,
  "validation_loss": 8.511701278686523,
  "best_validation_BLEU": 0.5588470842654655,
  "best_validation_loss": 8.511701278686523
}