{
  "best_epoch": 19,
  "peak_worker_0_memory_MB": 0,
  "peak_gpu_0_memory_MB": 0,
  "training_duration": "0:20:57.797107",
  "training_start_epoch": 0,
  "training_epochs": 19,
  "epoch": 19,
  "training_loss": 4.11309339205424,
  "training_worker_0_memory_MB": 0.0,
  "training_gpu_0_memory_MB": 0.0,
  "validation_BLEU": 0.8821780089386085,
  "validation_loss": 4.66354585647583,
  "best_validation_BLEU": 0.8821780089386085,
  "best_validation_loss": 4.66354585647583
}