{
  "best_epoch": 1,
  "peak_worker_0_memory_MB": 0,
  "peak_gpu_0_memory_MB": 0,
  "training_duration": "0:02:11.946342",
  "training_start_epoch": 0,
  "training_epochs": 1,
  "epoch": 1,
  "training_loss": 28.545171038309732,
  "training_worker_0_memory_MB": 0.0,
  "training_gpu_0_memory_MB": 0.0,
  "validation_BLEU": 0.2516875793543213,
  "validation_loss": 19.183996086120604,
  "best_validation_BLEU": 0.2516875793543213,
  "best_validation_loss": 19.183996086120604
}