{
  "best_epoch": 19,
  "peak_worker_0_memory_MB": 0,
  "peak_gpu_0_memory_MB": 0,
  "training_duration": "0:27:08.930579",
  "training_start_epoch": 0,
  "training_epochs": 25,
  "epoch": 25,
  "training_loss": 4.153397270043691,
  "training_worker_0_memory_MB": 0.0,
  "training_gpu_0_memory_MB": 0.0,
  "validation_BLEU": 0.8347677833105257,
  "validation_loss": 5.77218376159668,
  "best_validation_BLEU": 0.8821780089386085,
  "best_validation_loss": 4.66354585647583
}