{
  "best_epoch": 19,
  "peak_worker_0_memory_MB": 0,
  "peak_gpu_0_memory_MB": 0,
  "training_duration": "0:23:58.414782",
  "training_start_epoch": 0,
  "training_epochs": 22,
  "epoch": 22,
  "training_loss": 4.273840936024984,
  "training_worker_0_memory_MB": 0.0,
  "training_gpu_0_memory_MB": 0.0,
  "validation_BLEU": 0.7523661983455459,
  "validation_loss": 6.326796283721924,
  "best_validation_BLEU": 0.8821780089386085,
  "best_validation_loss": 4.66354585647583
}