{
  "best_epoch": 4,
  "peak_worker_0_memory_MB": 0,
  "peak_gpu_0_memory_MB": 0,
  "training_duration": "0:05:23.265878",
  "training_start_epoch": 0,
  "training_epochs": 4,
  "epoch": 4,
  "training_loss": 14.917638794581096,
  "training_worker_0_memory_MB": 0.0,
  "training_gpu_0_memory_MB": 0.0,
  "validation_BLEU": 0.3719796460412908,
  "validation_loss": 12.412599620819092,
  "best_validation_BLEU": 0.3719796460412908,
  "best_validation_loss": 12.412599620819092
}