{
  "best_epoch": 15,
  "peak_worker_0_memory_MB": 0,
  "peak_gpu_0_memory_MB": 0,
  "training_duration": "0:16:57.287881",
  "training_start_epoch": 0,
  "training_epochs": 15,
  "epoch": 15,
  "training_loss": 5.4884401798248295,
  "training_worker_0_memory_MB": 0.0,
  "training_gpu_0_memory_MB": 0.0,
  "validation_BLEU": 0.8582103482034004,
  "validation_loss": 5.144846096038818,
  "best_validation_BLEU": 0.8582103482034004,
  "best_validation_loss": 5.144846096038818
}