{
  "best_epoch": 11,
  "peak_worker_0_memory_MB": 0,
  "peak_gpu_0_memory_MB": 0,
  "training_duration": "0:13:56.446532",
  "training_start_epoch": 0,
  "training_epochs": 12,
  "epoch": 12,
  "training_loss": 7.368581827481588,
  "training_worker_0_memory_MB": 0.0,
  "training_gpu_0_memory_MB": 0.0,
  "validation_BLEU": 0.5956689426067298,
  "validation_loss": 7.4948560237884525,
  "best_validation_BLEU": 0.727336931437593,
  "best_validation_loss": 6.644626874923706
}