{
  "best_epoch": 15,
  "peak_worker_0_memory_MB": 0,
  "peak_gpu_0_memory_MB": 0,
  "training_duration": "0:18:56.374833",
  "training_start_epoch": 0,
  "training_epochs": 17,
  "epoch": 17,
  "training_loss": 4.736131584644317,
  "training_worker_0_memory_MB": 0.0,
  "training_gpu_0_memory_MB": 0.0,
  "validation_BLEU": 0.7987316367728817,
  "validation_loss": 5.2204748725891115,
  "best_validation_BLEU": 0.8582103482034004,
  "best_validation_loss": 5.144846096038818
}