{
  "best_epoch": 3,
  "peak_worker_0_memory_MB": 0,
  "peak_gpu_0_memory_MB": 0,
  "training_duration": "0:04:19.234972",
  "training_start_epoch": 0,
  "training_epochs": 3,
  "epoch": 3,
  "training_loss": 15.862366771697998,
  "training_worker_0_memory_MB": 0.0,
  "training_gpu_0_memory_MB": 0.0,
  "validation_BLEU": 0.2328553903762278,
  "validation_loss": 14.82035665512085,
  "best_validation_BLEU": 0.2328553903762278,
  "best_validation_loss": 14.82035665512085
}