{
  "best_epoch": 14,
  "peak_worker_0_memory_MB": 0,
  "peak_gpu_0_memory_MB": 0,
  "training_duration": "0:15:56.364645",
  "training_start_epoch": 0,
  "training_epochs": 14,
  "epoch": 14,
  "training_loss": 6.395313374201456,
  "training_worker_0_memory_MB": 0.0,
  "training_gpu_0_memory_MB": 0.0,
  "validation_BLEU": 0.8151654446824937,
  "validation_loss": 5.646708884239197,
  "best_validation_BLEU": 0.8151654446824937,
  "best_validation_loss": 5.646708884239197
}