{
  "best_epoch": 5,
  "peak_worker_0_memory_MB": 0,
  "peak_gpu_0_memory_MB": 0,
  "training_duration": "0:06:26.786809",
  "training_start_epoch": 0,
  "training_epochs": 5,
  "epoch": 5,
  "training_loss": 13.503617811203004,
  "training_worker_0_memory_MB": 0.0,
  "training_gpu_0_memory_MB": 0.0,
  "validation_BLEU": 0.4449956939463612,
  "validation_loss": 12.021203136444091,
  "best_validation_BLEU": 0.4449956939463612,
  "best_validation_loss": 12.021203136444091
}