{
  "best_epoch": 19,
  "peak_worker_0_memory_MB": 0,
  "peak_gpu_0_memory_MB": 0,
  "training_duration": "0:22:00.651524",
  "training_start_epoch": 0,
  "training_epochs": 20,
  "epoch": 20,
  "training_loss": 3.900589120388031,
  "training_worker_0_memory_MB": 0.0,
  "training_gpu_0_memory_MB": 0.0,
  "validation_BLEU": 0.8740487946293544,
  "validation_loss": 4.897138538360596,
  "best_validation_BLEU": 0.8821780089386085,
  "best_validation_loss": 4.66354585647583
}