{
  "best_epoch": 0,
  "peak_worker_0_memory_MB": 0,
  "peak_gpu_0_memory_MB": 0,
  "training_duration": "0:01:06.399947",
  "training_start_epoch": 0,
  "training_epochs": 0,
  "epoch": 0,
  "training_loss": 100.53515917460123,
  "training_worker_0_memory_MB": 0.0,
  "training_gpu_0_memory_MB": 0.0,
  "validation_BLEU": 0.17297610400612337,
  "validation_loss": 35.10106315612793,
  "best_validation_BLEU": 0.17297610400612337,
  "best_validation_loss": 35.10106315612793
}