{
  "best_epoch": 11,
  "peak_worker_0_memory_MB": 0,
  "peak_gpu_0_memory_MB": 0,
  "training_duration": "0:12:54.611567",
  "training_start_epoch": 0,
  "training_epochs": 11,
  "epoch": 11,
  "training_loss": 7.436600756645203,
  "training_worker_0_memory_MB": 0.0,
  "training_gpu_0_memory_MB": 0.0,
  "validation_BLEU": 0.727336931437593,
  "validation_loss": 6.644626874923706,
  "best_validation_BLEU": 0.727336931437593,
  "best_validation_loss": 6.644626874923706
}