{
  "best_epoch": 19,
  "peak_worker_0_memory_MB": 0,
  "peak_gpu_0_memory_MB": 0,
  "training_duration": "0:26:03.542840",
  "training_start_epoch": 0,
  "training_epochs": 24,
  "epoch": 24,
  "training_loss": 4.274783531824748,
  "training_worker_0_memory_MB": 0.0,
  "training_gpu_0_memory_MB": 0.0,
  "validation_BLEU": 0.7957221020110801,
  "validation_loss": 5.356078252792359,
  "best_validation_BLEU": 0.8821780089386085,
  "best_validation_loss": 4.66354585647583
}