{
  "best_epoch": 19,
  "peak_worker_0_memory_MB": 0,
  "peak_gpu_0_memory_MB": 0,
  "training_duration": "0:24:59.554680",
  "training_start_epoch": 0,
  "training_epochs": 23,
  "epoch": 23,
  "training_loss": 4.927977693080902,
  "training_worker_0_memory_MB": 0.0,
  "training_gpu_0_memory_MB": 0.0,
  "validation_BLEU": 0.8350959359887848,
  "validation_loss": 5.301344842910766,
  "best_validation_BLEU": 0.8821780089386085,
  "best_validation_loss": 4.66354585647583
}