{
  "best_epoch": 19,
  "peak_worker_0_memory_MB": 0,
  "peak_gpu_0_memory_MB": 0,
  "training_duration": "0:22:55.929922",
  "training_start_epoch": 0,
  "training_epochs": 21,
  "epoch": 21,
  "training_loss": 3.869729010264079,
  "training_worker_0_memory_MB": 0.0,
  "training_gpu_0_memory_MB": 0.0,
  "validation_BLEU": 0.8703576671489557,
  "validation_loss": 5.322718067169189,
  "best_validation_BLEU": 0.8821780089386085,
  "best_validation_loss": 4.66354585647583
}